Topic 1	Topic 2	Topic 3	Topic 4	Topic 5	Topic 6	Topic 7	Topic 8	Topic 9	Topic 10	Topic 11	Topic 12	Topic 13	Topic 14	Topic 15	Topic 16	Topic 17	Topic 18	Topic 19	Topic 20	Topic 21	Topic 22	Topic 23	Topic 24	Topic 25	Topic 26	Topic 27	Topic 28	Topic 29	Topic 30	Topic 31	Topic 32	Topic 33	Topic 34	Topic 35	Topic 36	Topic 37	Topic 38	Topic 39	Topic 40	Topic 41	Topic 42	Topic 43	Topic 44	Topic 45	Topic 46	Topic 47	Topic 48	Topic 49	Topic 50	Topic 51	Topic 52	Topic 53	Topic 54	Topic 55	Topic 56	Topic 57	Topic 58	Topic 59	Topic 60	Topic 61
%	&	during	that	I	a	about	objective	chicken	cell	level	severe	case	child	childhood	evidence	at	were	education	examine	among	wa	the	development	ha	stres	been	between	increase	not	total	chick	increased	household	disease	patient	me	higher	diet	difference	datum	rate	who	infection	income	study	group	low	risk	model	expression	finding	for	with	health	i	woman	social	on	outcome	to
using	muscle	after	from	associated	an	indicator	present	acid	gene	role	acute	report	family	impact	intervention	age	result	individual	birth	white	treatment	of	embryo	factor	no	potential	association	test	both	concentration	weight	broiler	measure	human	clinical	state	than	feed	status	survey	mortality	reported	response	research	effect	quality	socioeconomic	estimate	gender	protein	symptom		or		it	man	mental	thi	population	
used	bird	&#	are	most		how	aim	fatty	t	significantly	syndrome	should	physical	school	water	number	showed	living	cohort	disparity	observed	and	reproductive	variable	control	different	examining	behavior	did	blood	meat	performance	year	cause	common	immigrant	compared	ratio	incidence	country	death	demographic	detected	economic	exposure	egg	les	public	regression	production	prevalence		had			women	wellbeing			
our	exposed	other	be	found		literature	evaluate	correlated	revealed	activity	respiratory	without	adult	poor	considered	each	well	alone	contribute	black	first	in	stage	including	repeated	condition		investigate	when	laying	per	decreased	life		vaccine	united	those	kg	older	estimated	maternal		viru	inequality	significant		likely	food	linear	liver	person					particularly	paper			
sample	conducted	against	these			work	improve		performed	mechanism	sarscov	yearold	negative	adulthood	benefit	source	could		american	vary	into	by	follicle	recent	longterm	included		male	investigated	plasma	value	growth	longitudinal		outbreak	determinant	lower	supplementation	controlling	relation			viral	information			growing	obesity	score	mrna	positive						term			
all	breast	system	have			policy	aimed		assay	pathway	antibody	diagnosed	race	hypothesi	urban	future	further		strength	odd	collected		phase	type	novel	asses		support	period	serum	experimental	conclusion	educational		sequencing	community	index	content		multivariate			remain				environment	national	explain	wherea	structural									
analysi		caused	which			program	function		tumor	play	coronaviru	therapy		financial	area	out	respectively		stressor	find	what		animal	increasing		review		reduce	young		studied	randomly	burden		china	racial		determined					species					highlight		receptor										
interaction		because	but			focu	evaluated		inflammatory	average	transmission	multiple		trajectory	sociodemographic	main	analyzed		linked		lead			being		abstract		having	later		design				describe			fed					immune					large		signaling										
body		same	more			apply	compare		left	influence	testing	following		if	adverse	calculated	aged		lifecourse					appear				current	strong		bone				close			lipid					profile					question		reduced										
need		determine	may			relatively	purpose		tissue	explore	contact	lesion		critical			suggested											mean	reference		los							dietary																						
analysis		before	however			representative	resistance		pcr	previou	spread	hi		do			measured											confirmed	depression		final							experiment																						
up		month	relationship				induced		rat	underlying		administration		poverty			under											behavioral										parameter																						
live		week	can				technique		primary	followed		small		highest																																														
		suggesting	also				possible		isolate	protective		lung		multilevel																																														
		day	their				made		rna			b																																																
		environmental	change				aimthe		proliferation			herein																																																
		remained	one						detection			diagnosi																																																
		event	characteristic						activation																																																			
			suggest						realtime																																																			
			through						involved																																																			
			use						expressed																																																			
			time																																																									
			high																																																									
			whether																																																									
			while																																																									
			two																																																									
			such																																																									
			provide																																																									
			important																																																									
			based																																																									
			examined																																																									
			although																																																									
			there																																																									
			related																																																									
			method																																																									
			key																																																									
			only																																																									
			overall																																																									
			better																																																									
			addition																																																									
			pattern																																																									
			greater																																																									
			improved																																																									
			affect																																																									
			within																																																									
			three																																																									
			new																																																									
			acros																																																									
			show																																																									
			might																																																									
			cancer																																																									
			approach																																																									
			several																																																									
			known																																																									
			developed																																																									
			relative																																																									
			inclusion																																																									
			region																																																									
			identify																																																									
			indicated																																																									
			indicate																																																									
			identified																																																									
			some																																																									
			due																																																									
			importance																																																									
			size																																																									
			many																																																									
			therefore																																																									
			understanding																																																									
			proces																																																									
			&&#																																																									
			history																																																									
			chronic																																																									
			where																																																									
			improving																																																									
			obtained																																																									
			demonstrated																																																									
			analyze																																																									
			effective																																																									
			early																																																									
			any																																																									
			led																																																									
			variation																																																									
			variou																																																									
			context																																																									
			specific																																																									
			thu																																																									
			shown																																																									
			consistent																																																									
			moreover																																																									
			least																																																									
			similar																																																									
			composition																																																									
			comparison																																																									
			treated																																																									
			direct																																																									
			range																																																									
			improvement																																																									
			unique																																																									
			consequence																																																									
			available																																																									
			general																																																									
			especially																																																									
			contrast																																																									
			either																																																									
			potentially																																																									
			component																																																									
			extent																																																									
			positively																																																									
			major																																																									
			domain																																																									
			applied																																																									
			develop																																																									
			will																																																									
			implication																																																									
			highly																																																									
			way																																																									
			differential																																																									
			healthy																																																									
			then																																																									
			proportion																																																									
			cluster																																																									
			particular																																																									
			larger																																																									
			elevated																																																									
			mas																																																									
			here																																																									
			often																																																									
			knowledge																																																									
			developing																																																									
			induce																																																									
			culture																																																									
			frequency																																																									
			decrease																																																									
			insight																																																									
			target																																																									
			additive																																																									
			female																																																									
			setting																																																									
			little																																																									
			second																																																									
			gain																																																									
			despite																																																									
			resulted																																																									
			opportunity																																																									
			via																																																									
			limited																																																									
			would																																																									
			regarding																																																									
			enhanced																																																									
			understand																																																									
			unclear																																																									
			widely																																																									
			differ																																																									
			controlled																																																									
			focused																																																									
			mixed																																																									
			prevention																																																									
			even																																																									
			decline																																																									
			assessed																																																									
			short																																																									
			researcher																																																									
			essential																																																									
			tested																																																									
			around																																																									
			part																																																									
